date	area	type	description	file
2026-10-01	docs	add	Established AGENTS.md — comprehensive onboarding & operating rules for k_AI_n, detailing the Kain language substrate, the Alien N64 6GB VRAM multimodal engine goal, the connective glue architecture across 26 modules, and non-negotiable rules.	AGENTS.md
2026-10-01	memory	add	Established memory.tsv change ledger following TurboKain append-mostly discipline.	memory.tsv
2026-10-01	catalog	add	Established catalog.tsv module and kernel artifact ledger.	catalog.tsv
2026-10-01	docs	update	Updated AGENTS.md with organized docs/kain/ tree and highlighted the 36 lean TSV lookup tables under docs/kain/tsv/ for instant, low-token agent syntax/stdlib retrieval.	AGENTS.md, memory.tsv
2026-10-01	repo	refactor	Migrated source path convention from src/ to kain/ across AGENTS.md and catalog.tsv. Scaffolded kain/ subsystem folders (core, tokenizer, tensor, model, flow, refinery, spike) and python/ orchestration directory.	AGENTS.md, catalog.tsv, kain/, python/, memory.tsv
2026-10-01	scripts	build	Built scripts/memlog.exe via LLVM target for memory.tsv logging	scripts/memlog.kn,scripts/memlog.exe
2026-10-01	repo	add	Added .gitignore to ignore .kain/ intermediates, *.exe binaries, and .cache	.gitignore
2026-10-01	docs	update	Updated AGENTS.md with mandatory memory.tsv check-first rule, memlog.exe usage guide, and rule 11	AGENTS.md
2026-10-01	docs	update	Added single-line TurboKain reference path (D:/TurboKain) in AGENTS.md for portable drive migration	AGENTS.md
2026-10-01	research	add	Authored research_4_kain_semantics.md defining the go-to neural keyword stack across L0-L7	research/research_4_kain_semantics.md
2026-10-01	docs	update	Updated AGENTS.md directory map to include research_4_kain_semantics.md	AGENTS.md
2026-10-01	docs	vendor	Vendored docs/kain/SYSTEMS_PROGRAMMING.MD (The Metal Guide) and integrated Layer 0 metal primitives & CRUSHER pattern into research_4 and AGENTS.md	docs/kain/SYSTEMS_PROGRAMMING.MD,research/research_4_kain_semantics.md,AGENTS.md
2026-10-01	docs	vendor	Vendored CRUSHER.kn, metal.kn, core_os.kn into docs/kain/examples/ and updated AGENTS.md	docs/kain/examples/CRUSHER.kn,docs/kain/examples/metal.kn,docs/kain/examples/core_os.kn,AGENTS.md
2026-10-01	docs	update	Moved stdlib.kn to docs/kain/stdlib.kn and established Lean Stdlib Whitelist (9 modules) in AGENTS.md	docs/kain/stdlib.kn,AGENTS.md
2026-10-01	docs	update	Added std::gpu and std::cuda to Tier-1 Lean Stdlib Whitelist in AGENTS.md and research_4	AGENTS.md,research/research_4_kain_semantics.md
2026-10-01	repo	refactor	Adopted Flat Core Doctrine: consolidated all core modules into flat kain/core/ directory for clean deterministic amalgamation	kain/core/,AGENTS.md,catalog.tsv
2026-10-01	tokenizer	build	Built and proven kain/core/tokenizer_16k.kn — 16k English+Code BPE tokenizer with zero-heap arena writing and 5/5 self-test receipts	kain/core/tokenizer_16k.kn,catalog.tsv
2026-10-01	core	build	Built and proven kain/core/_common.kn — foundation memory allocators (+32 SIMD padding), tensor descriptors, kernel32 DMA, and invariant laws with 6/6 test receipts	kain/core/_common.kn,catalog.tsv
2026-10-01	core	amalgamate	FUSED and COMPILED kain/core.kn -> kain/core.exe with _common.kn, dispatch.kn, and tokenizer_16k.kn (11/11 tests green)	kain/core.kn,kain/core.exe,kain/core/dispatch.kn,catalog.tsv
2026-10-01	tensor	build	Built and proven kain/core/gemm_158b.kn — 1.58-bit ternary zero-matmul GEMM with September 2026 Intel BITCOS zero-skipping (16/16 global prove checks green)	kain/core/gemm_158b.kn,kain/core.kn,kain/core.exe,catalog.tsv
2026-10-01	tensor	build	Built and proven kain/core/activations.kn — fused RMSNorm, SwiGLU converge gate, RoPE rotation, stable softmax + greedy sampler (21/21 global prove checks green)	kain/core/activations.kn,kain/core/dispatch.kn,kain/core.kn,kain/core.exe,catalog.tsv
2026-10-01	model	build	Built and proven kain/core/ssm_liquid.kn — O(1) liquid SSM recurrence with ZOH discretization, fused forward+skip relay, selective dt gating (26/26 global prove checks green)	kain/core/ssm_liquid.kn,kain/core/dispatch.kn,kain/core.kn,kain/core.exe,catalog.tsv
2026-10-01	refinery	build	Built and proven kain/core/distill_loss.kn — invariant-weighted 5x distillation loss on teacher logits with temp scaling and batch telemetry (31/31 global prove checks green)	kain/core/distill_loss.kn,kain/core/dispatch.kn,kain/core.kn,kain/core.exe,catalog.tsv
2026-10-01	refinery	build	Built and proven kain/core/binary_packer.kn — contiguous 64B-aligned .kain_bin stream (magic/version/dim/count header, u16 tokens + invariant mask records) closing the pre-training loop (36/36 global prove checks green)	kain/core/binary_packer.kn,kain/core/dispatch.kn,kain/core.kn,kain/core.exe,catalog.tsv
2026-10-01	docs	update	Enshrined 3 new bled-for pitfalls in AGENTS.md from binary_packer campaign: effect-fn return-type crash, bitwise paren discipline, one-concern-per-loop + spike-probe bisect method	AGENTS.md
2026-10-02	core	build	Built and proven kain/core/config.kn — Step-0 134M / Step-1 1.31B presets with honest census+footprint estimators and cross-module contract receipts (41/41 global prove checks green)	kain/core/config.kn,kain/core/dispatch.kn,kain/core.kn,kain/core.exe,catalog.tsv
2026-10-02	docs	update	Rewrote AGENTS.md section 9 with live Phase-A status (9 modules, 41/41, A1 done, Vast/Linux note) and created docs/status/2026-10-02-progress.md with staleness-banner convention	AGENTS.md,docs/status/2026-10-02-progress.md
2026-10-03	model	build	A2 model forward assembled and proven: kain/core/forward.kn embed+layers+LM-head fuses gemm/RMSNorm/SwiGLU/SSM into real seq x vocab logits, 46/46 global prove green first try	kain/core/forward.kn,kain/core/dispatch.kn,kain/core.kn,kain/core.exe
2026-10-03	model	build	A3 backward twins carved and proven: kain/core/backward.kn with 6 gradient twins (distill-seed, ternary-STE, rmsnorm, swiglu, SSM-BPTT, residual-split) all central-FD verified + end-to-end chain test, 51/51 global prove green	kain/core/backward.kn,kain/core/dispatch.kn,kain/core.kn,kain/core.exe
2026-10-03	core	fix	Fixed latent segfault class in _common.kn: loop-bodied effect fns copy_floats/zero_floats had no return type and crashed on first real call (caught by A3 spike-probe bisect); added -> Int + return 0. Single-expr stores (bstore/fstore/istore) left untouched, proven safe across 51 tests	kain/core/_common.kn,kain/core.kn,kain/core.exe
2026-10-03	docs	update	Banked A3 bled-for refinement in AGENTS.md section 8: loop-bodied effect fns without return type segfault while single-expr stores survive; latent crashers hide in green modules until first real call	AGENTS.md
2026-10-03	model	build	A4 Adam + 50-token overfit GATE PASSED: kain/core/train.kn with bias-corrected Adam, full QAT loop (shadows->ternary->forward->BPTT with dcarry + per-pos cache->Adam). 50 tokens collapse 13290->22 (604x, gate 6.7x). Phase A COMPLETE 4/4, 56/56 prove green	kain/core/train.kn,kain/core/dispatch.kn,kain/core.kn,kain/core.exe
2026-10-03	docs	update	Snapshotted docs/status/2026-10-03-progress.md (12 modules, 56/56, Phase A 4/4 complete, staleness-banner convention) and updated AGENTS.md section 9 scoreboard to COMPLETE with Phase B as critical path	docs/status/2026-10-03-progress.md,AGENTS.md
